First Name,Surname,Email Address,Password
Lucas,Silva,silval@umanni.test,umanni123
Mariana,Souza,souzam@umanni.test,umanni123
Rafael,Oliveira,oliveirar@umanni.test,umanni123
Ana,Pereira,pereiraa@umanni.test,umanni123
Bruno,Almeida,almeidab@umanni.test,umanni123
Carla,Ferreira,ferreirac@umanni.test,umanni123
Diego,Costa,costad@umanni.test,umanni123
Julia,Ribeiro,ribeiroj@umanni.test,umanni123
Thiago,Martins,martinst@umanni.test,umanni123
Paula,Barbosa,barbosap@umanni.test,umanni123
Eduardo,Rocha,rochae@umanni.test,umanni123
Fernanda,Mendes,mendesf@umanni.test,umanni123
Gustavo,Araújo,araujog@umanni.test,umanni123
Leticia,Cardoso,cardosol@umanni.test,umanni123
Henrique,Teixeira,teixeirah@umanni.test,umanni123
Camila,Lopes,lopesc@umanni.test,umanni123
Vinicius,Moreira,moreirav@umanni.test,umanni123
Beatriz,Cavalcante,cavalcanteb@umanni.test,umanni123
Felipe,Santana,santanaf@umanni.test,umanni123
Lorena,Batista,batistal@umanni.test,umanni123